{"Bermuda": [22.39775463219407, 0.1360357072988891], "Yemen": [19.879857272637324, 0.11448823842914513], "Kabylia": [20.68214747202552, 0.7671968085832199], "Tunisia": [23.319750500983076, 0.07053098116290946], "Basque Country": [24.358626671382336, 0.23498702920955242], "Iraq": [21.833540078236492, 0.07282024413734889], "Thailand": [21.882099373855986, 0.06743128490497789], "Nigeria": [23.934885830432197, 0.07112157332787597], "Algeria": [23.316952734693494, 0.07459822207392522], "Norway": [22.837837136309023, 0.06058307050292208], "Cura\u00e7ao": [23.688602888921466, 0.09596795254459058], "Saint Vincent and the Grenadines": [23.629934114146618, 0.14010782670375624], "Venezuela": [22.384450310415144, 0.08584592037873477], "Panama": [23.143199972806226, 0.08100702248422888], "Congo": [23.229580329172098, 0.08981169175454791], "Micronesia": [5.493608869041983, 0.6786915362696306], "Panjab": [24.228216903876362, 0.5811416684804137], "Provence": [22.679803666581186, 0.5182963229556894], "Northern Cyprus": [23.080442928116888, 0.3253541515341371], "Zimbabwe": [22.92030712888611, 0.07956760944266565], "Mapuche": [25.328601098937447, 4.878882918374681], "Myanmar": [21.614806353202916, 0.09073290735056974], "Guyana": [23.36855706224283, 0.10575733307987463], "Sri Lanka": [18.660117315386824, 0.11975411867994146], "Dominica": [22.524225440639285, 0.12920664412898536], "Nepal": [18.50365358225314, 0.12406638125648507], "New Caledonia": [18.64950633000162, 0.11485840303256102], "Angola": [22.991866452917847, 0.08933466514626454], "Saudi Arabia": [22.107460715903272, 0.0684508247415893], "Barbados": [23.08608671736051, 0.10661545686051982], "Bonaire": [20.7633946225889, 0.3482551432091027], "Croatia": [23.41644925341425, 0.09307768712365506], "Georgia": [21.80225855334239, 0.10620807853729644], "Chad": [22.047460092632114, 0.16458838923506589], "Artsakh": [24.494983572639132, 0.689222377660861], "Philippines": [19.778380014598376, 0.11376677016834048], "Japan": [23.164364996308347, 0.06722651423764792], "Tonga": [10.321238166193018, 0.2366701986546482], "Turks and Caicos Islands": [18.2959554923917, 0.2951742236807303], "Ivory Coast": [23.98628073892417, 0.07206208185591254], "Taiwan": [20.05013239960768, 0.13304385611553682], "Timor-Leste": [17.38229574590216, 0.2189495255504483], "Jordan": [21.4023678377468, 0.08463257347455777], "Guam": [14.331255015182958, 0.17635508850809986], "South Ossetia": [23.376514943338787, 0.5086730038606837], "Brunei Darussalam": [18.025879089404665, 1.2152580495489338], "Qatar": [21.541742564454257, 0.07338019225511903], "Hungary": [23.518018080450602, 0.056608043002815835], "Italy": [23.933759834566356, 0.06025746347025012], "Monaco": [13.969353583250083, 0.7192259253398132], "Yemen DPR": [19.426820044582595, 0.35184440308658643], "Azerbaijan": [21.079573472131703, 0.10537756299298236], "Greece": [22.362316435496133, 0.07158980814093344], "Somalia": [20.135588350345774, 0.16503728200749], "Saint Lucia": [22.960988688066017, 0.1247386942354411], "French Guiana": [23.421048993601044, 0.13683457557323325], "Liberia": [22.741752675019853, 0.10642164877360867], "India": [20.921751639343743, 0.08432085052182375], "Ukraine": [22.846288599462042, 0.10027849319981345], "Saint Helena": [10.248013538643377, 0.8720417330444084], "Haiti": [23.592057203314962, 0.08139639413159289], "Israel": [22.463407756842177, 0.08210880139094434], "Palau": [4.905674448914418, 1.2401979534876948], "Estonia": [20.80188118575955, 0.07781531886050459], "Bahrain": [21.14060337324667, 0.07653112451053669], "Kenya": [22.840302555646225, 0.06809884054340523], "Seychelles": [20.879865884982966, 0.15622764667314798], "Guatemala": [23.551505030611164, 0.08007169497362523], "Tahiti": [18.343787304224016, 0.12292432629485069], "Burundi": [22.305051535142876, 0.12304423978800268], "Galicia": [23.462208762917115, 0.7571665164951071], "Aruba": [22.463924252519536, 0.15766751235209958], "Catalonia": [23.55615542206696, 0.26563930417843473], "Isle of Wight": [15.897122473644702, 0.28080558964697977], "San Marino": [18.3530148616331, 0.12622138635192623], "Comoros": [21.90013908311256, 0.1990461002454048], "Costa Rica": [23.907127995945622, 0.06862535106786513], "Surrey": [19.379312477397438, 1.938739779962193], "Uganda": [23.074404094896032, 0.06839240205211365], "Chile": [23.302929142400203, 0.06186658063903949], "Lebanon": [20.774331610851824, 0.1022739325484766], "Mozambique": [22.40468630821809, 0.0950010500541333], "Belgium": [23.46516964866235, 0.061942243647569804], "Korea Republic": [23.251011745168412, 0.0583825582785675], "Tuvalu": [11.210528953000882, 0.30271942443486066], "Hong Kong": [21.27894032680573, 0.08889713354453078], "Turkmenistan": [20.76694097085615, 0.14732872027553964], "Mongolia": [17.440243902050867, 0.19448465280005772], "K\u00e1rp\u00e1talja": [23.79575837150894, 0.5771983469824744], "Portugal": [23.510676562641386, 0.06850297996046532], "Antigua and Barbuda": [22.813711471128485, 0.12227362901748434], "Niger": [22.449259809865644, 0.11484730889317031], "El Salvador": [23.23491215251986, 0.07494432706333695], "Saint Kitts and Nevis": [23.036324294301266, 0.12851153407586582], "Maldives": [19.2221172016455, 0.1318867937709032], "Senegal": [23.57112096415657, 0.07265467730785102], "Peru": [22.98522052335267, 0.06787815248477183], "United Arab Emirates": [21.55534443554831, 0.07398596486864387], "Western Isles": [13.740661051574081, 0.33709602629978835], "German DR": [23.38416109979448, 0.10094390408394843], "Bahamas": [19.77298127911133, 0.2589466304331125], "Western Sahara": [18.567679841006683, 0.8816110950471542], "Malawi": [22.606016880034435, 0.07181618900096075], "Tajikistan": [20.730138996241504, 0.13819308825426735], "Suriname": [24.215803397896227, 0.09231145921278906], "Vanuatu": [17.067746610170236, 0.1329926234767331], "Lesotho": [21.643400984955388, 0.1070478280137741], "Andalusia": [23.633277305880064, 0.519190723770847], "Benin": [22.633149793559717, 0.10472830191851513], "Jersey": [16.75320959682482, 0.20389304448077616], "North Macedonia": [22.04834361004168, 0.10619694416046382], "Iceland": [21.861211804034955, 0.07975758178072145], "Botswana": [22.134022961377998, 0.1020414408767476], "Gambia": [22.69055929044433, 0.11552725989797767], "Malta": [20.697508768318077, 0.08463730065740353], "Yorkshire": [24.32609872500687, 0.8110367324412153], "Switzerland": [23.053057126024367, 0.06063456530916423], "Northern Ireland": [22.049453133174513, 0.06710647228506526], "Bangladesh": [19.15187067418679, 0.11381424916158378], "Darfur": [8.480861996384936, 0.8109536918098671], "Gozo": [21.90688941629359, 0.7867983508382507], "Brittany": [22.266323721813443, 0.5286724988169109], "Andorra": [19.89195976167759, 0.12527971677887884], "Cascadia": [22.935116773453924, 0.7002893599348116], "South Sudan": [21.148904249060212, 0.23620829236921126], "England": [24.08720490912068, 0.0540489395237523], "Central African Republic": [22.21402759537538, 0.17199796271932613], "Honduras": [23.636534375362416, 0.07387771116433768], "USA": [23.623073828247144, 0.06476522521945803], "Felvid\u00e9k": [24.349098058592183, 0.6824309079746312], "Madrid": [22.731293277416576, 1.7673289253866382], "R\u00e9union": [23.243425978034495, 0.20864907156303597], "Argentina": [24.30247802380044, 0.055170874141404085], "Liechtenstein": [19.652758689928593, 0.11600547681226958], "Isle of Man": [16.319050856466717, 0.2607806533833489], "Sudan": [22.357329910001873, 0.0836148352739624], "Guernsey": [16.60578667454995, 0.2099586624887437], "\u00c5land Islands": [15.556516042632492, 0.27463798971543124], "Central Spain": [25.70636097594504, 3.6270067197942337], "Shetland": [14.543800003765492, 0.262050970443375], "Paraguay": [23.177818505019356, 0.06363645144492758], "Falkland Islands": [11.621845059513186, 0.33165686836736047], "Poland": [23.05251782400926, 0.059919666066555764], "Papua New Guinea": [17.025728530461258, 0.1611419108700692],