{"Montenegro": [48.39422424274179, 1.1486015089593993, 2], "Djibouti": [34.66934712341275, 1.4158393069940989, 4], "Germany": [57.324506357768946, 0.8937052859003144, 1], "Biafra": [53.44407236191906, 5.3094150615651055, 1], "Cambodia": [25.140827669159926, 1.5935477912796827, 9], "Cyprus": [57.5486098843021, 1.0013172838056912, 1], "Armenia": [48.516377323357574, 0.9988942845174388, 2], "Estonia": [63.797410392640195, 0.9855507389332694, 0], "Tanzania": [66.33308305248862, 0.9777787730642116, 0], "Moldova": [67.50328439121535, 1.4669494016158882, 0], "Western Australia": [54.675480496476105, 5.592008107189472, 3], "Tunisia": [45.066884744014985, 0.9336773223776819, 2], "Syria": [29.52552562535461, 1.3195192896202894, 7], "Austria": [48.667408465796655, 0.9395179039277565, 2], "Bermuda": [37.81729819535306, 1.5128281698351949, 4], "Niger": [54.844805878169666, 1.0396629556630048, 1], "Liberia": [54.92106400567019, 0.9688771964215533, 1], "Cameroon": [34.53307000361558, 1.046362701468841, 4], "Guyana": [39.14349316143511, 1.260039776704008, 4], "Anguilla": [59.30713592207314, 1.6465963082331634, 1], "Republic of St. Pauli": [53.01763805862001, 4.363658903473248, 1], "Bahrain": [33.988051632062856, 1.037725106174434, 6], "Afghanistan": [54.009253003533836, 1.2242080971509393, 2], "Occitania": [34.43813135519807, 3.5053429754958185, 7], "Libya": [55.554979058889074, 0.9949539934309276, 1], "Lebanon": [66.74187363327854, 1.0416403886252867, 0], "Barawa": [42.10306130979341, 4.38713713709958, 5], "North Korea": [58.91310662003225, 1.032115054877625, 1], "Scotland": [48.47418531572367, 0.9506403301084556, 2], "Angola": [54.99673794815818, 0.9203447551501477, 1], "Hong Kong": [46.48355000407096, 1.0171935434657922, 3], "South Africa": [33.624736606103646, 1.0757441675647175, 4], "Azerbaijan": [41.95988207953629, 1.1617300016508019, 3], "Andorra": [41.23466040266357, 1.1118996735711313, 3], "Cayman Islands": [50.6952006542465, 1.3093104825589104, 2], "Switzerland": [41.06764647853365, 0.9680181703187328, 3], "Bonaire": [60.14587790491555, 3.07608527756618, 1], "India": [66.89614636178655, 1.159595508081444, 0], "Ellan Vannin": [50.1721705836648, 2.570319686737017, 2], "Malaysia": [53.43302555119659, 0.9936660981640562, 2], "Northern Mariana Islands": [39.19484191543397, 4.411469517013358, 6], "Netherlands": [48.42152775408554, 0.9370843906823433, 2], "North Macedonia": [57.247107517702474, 0.9985884140463672, 1], "Chagos Islands": [36.03648051770586, 4.2534662035134865, 9], "England": [57.621444785567576, 0.9586468439851697, 1], "Botswana": [66.0763159747449, 1.1501860200459295, 0], "Georgia": [57.20940313876003, 0.9758057149305794, 1], "Israel": [29.89941542770613, 1.3671154281079454, 7], "New Zealand": [39.965284123915026, 1.0350997795175565, 5], "Philippines": [53.471190179816965, 1.1820545668702716, 2], "Uzbekistan": [46.843841661387245, 1.0141590289151758, 3], "Taiwan": [53.21923593326834, 1.3114267282163359, 2], "Bulgaria": [40.66378544425467, 0.9538110659175911, 3], "Tibet": [41.527091946272144, 4.293653439842969, 7], "Costa Rica": [50.6979952757049, 0.972280054240884, 2], "Vanuatu": [47.330432403260886, 1.381476084691748, 4], "Guinea": [44.76186576858737, 0.9548738382589897, 2], "Equatorial Guinea": [27.769630273571547, 2.1331672247901508, 5], "American Samoa": [47.625684158159046, 2.315305445328001, 3], "Abkhazia": [52.59343457022466, 2.098288398537631, 1], "Albania": [40.734530673668196, 1.0020581903751957, 3], "Ethiopia": [34.65909627141453, 1.0774599827436957, 4], "Sweden": [48.69585321988629, 0.9118668221619587, 2], "Algeria": [66.58522544566422, 0.9715740835586034, 0], "Senegal": [66.60568455658142, 1.0300507812491653, 0], "Mapuche": [50.04574949532972, 6.264783597896377, 1], "Iran": [66.90571216674093, 0.9887947844162345, 0], "Togo": [66.65830611908679, 1.0562825650476468, 0], "Sz\u00e9kely Land": [45.49873865010849, 2.3635474818627014, 3], "Timor-Leste": [44.518013359655924, 2.05231461776953, 3], "Panjab": [61.36645960892268, 2.739536030118306, 0], "DR Congo": [44.92062250380849, 0.9128749386975805, 2], "Provence": [38.06366864824375, 3.503440205049036, 6], "Papua New Guinea": [51.91482876678276, 1.346469205808968, 3], "Felvid\u00e9k": [56.97017767335031, 3.076530258700662, 1], "Maldives": [27.07885022353888, 1.5154300978126982, 8], "Chameria": [45.0760729909406, 4.322544401740721, 3], "Faroe Islands": [66.81015014975061, 1.1273338949446627, 0], "Slovenia": [56.92005015203603, 0.9876714379587235, 1], "Ghana": [55.45337967121894, 0.934380074774142, 1], "Samoa": [62.03281436722764, 1.627887976785094, 1], "Bosnia and Herzegovina": [41.4785477277328, 1.0967365365449666, 3], "Saint Vincent and the Grenadines": [50.33481065120852, 1.28400231907812, 2], "Ecuador": [29.933150343406627, 1.2302846347089629, 5], "Morocco": [55.4539679371401, 0.9518564523986821, 1], "Australia": [32.44891560174223, 1.0462896792856262, 6], "United Arab Emirates": [66.70665857880417, 1.0131351493744116, 0], "Ukraine": [48.01278687804417, 1.0280496304887896, 2], "Kazakhstan": [66.70006672833436, 1.297451007455828, 0], "Nepal": [53.11754200713442, 1.1752017550766658, 2], "Gozo": [50.01521801456233, 4.616789061166731, 3], "Japan": [35.33071942724517, 1.0592806605285356, 5], "French Guiana": [50.85474146776949, 1.0951541496596997, 2], "Tamil Eelam": [56.5659399041485, 2.942170695454036, 1], "Saint Martin": [67.92729012330146, 2.2228837209142904, 0], "Rwanda": [54.95889247997196, 0.9834234317403966, 1], "Nigeria": [34.04860314290856, 1.0463864220854127, 4], "Congo": [55.53572951216282, 0.9659364173991447, 1], "Kyrgyzstan": [47.2452733542515, 1.3861662261459062, 3], "Belize": [44.8247495727834, 1.4067066004932922, 3], "Arameans Suryoye": [61.73125708770457, 3.3952802537729396, 0], "Finland": [35.58017084689875, 1.0783354154343279, 4], "Norway": [48.75727768150938, 0.9280711693178184, 2], "Northern Cyprus": [63.88627448517422, 2.4374440196254197, 0], "Chile": [38.22535362931542, 1.0221731920352488, 4], "South Ossetia": [62.48803770301655, 2.507625678537125, 0], "Yemen DPR": [55.144119235426295, 2.4930468809957453, 1], "United Koreans in Japan": [61.018498245790354, 2.7386509265798775, 0], "Oman": [22.097012086628187, 1.4707392555006493, 21], "Guadeloupe": [68.65921376605922, 1.2459318624269275, 0], "Turkey": [32.39973082379233, 1.1679384503897325, 5], "Republic of Ireland": [35.124423620585965, 1.1182450431055693, 4], "Gabon": [44.63182743390051, 0.9359644132360455, 2], "Vietnam": [46.68834115977924, 1.1750268273224127, 3], "Cook Islands": [54.21151327719485, 1.9945392886111701, 2], "Kosovo": [57.25094340794405, 1.70127007946383, 1], "Turkmenistan": [53.24387271646401, 1.1893396549757194, 2], "Latvia": [63.88525306201529, 0.9938377829959704, 0], "Czechoslovakia": [68.51443875999422, 1.3415871237452968, 0], "Colombia": [45.11702280253707, 1.0621545077000127, 3], "Kenya": [54.82315781129664, 0.93904101372049, 1], "Malawi": [24.936551171085437, 1.3775940858175761, 6], "Laos": [46.27700864381866, 1.4547636911639334, 3], "San Marino": [33.93905916955517, 1.2279774278405104, 4], "Bangladesh": [33.50271883731802, 1.3052500924607935, 6], "Bhutan": [45.951088103631974, 1.4966838066033707, 3], "Peru": [38.494262368032466, 1.028459913228316, 4], "S\u00e3o Tom\u00e9 and Pr\u00edncipe": [35.016608992299666, 2.136903412877958, 4], "Western Armenia": [61.61291634022685, 2.291523392300481, 0], "Sint Maarten": [50.14068201521971, 1.7394765758459827, 2], "Suriname": [51.15906450389637, 0.9930065229738821, 2], "Macau": [41.1552508143651, 1.389175325443592, 4], "Artsakh": [45.87957286995603, 3.2795086336182218, 3], "Aymara": [42.56177444185752, 6.342945009860294, 3], "Northern Ireland": [27.882159493673075, 1.2343586287552284, 8], "Croatia": [66.2990324337944, 1.056746461624001, 0], "Bolivia": [21.714855024683946, 1.6404226717668435, 7], "Wales": [34.845868252336594, 1.05855581997977, 4], "Chad": [45.617880263837804, 1.1074740817565079, 2], "Zimbabwe": [54.901252380210565, 0.949171229207916, 1],