{"Bulgaria": [23.603030230131996, 0.13583966509734996], "Yugoslavia": [24.560015579197536, 0.17068391283962261], "India": [18.867423346863845, 0.16569606271606302], "Lesotho": [21.462843750534894, 0.20704644345160292], "Mauritania": [21.67713072873191, 0.2022729717266415], "Belgium": [24.19427384603451, 0.13750608769942063], "Rwanda": [22.034018725437697, 0.18501116231424755], "Tunisia": [23.343391648958253, 0.1387648897666268], "Georgia": [23.000426695133847, 0.21373644887154664], "Parishes of Jersey": [26.900450335935126, 2.463563970507594], "Western Australia": [18.28315234050197, 1.1396586153867911], "Azerbaijan": [21.90476218812262, 0.2143368686463413], "Biafra": [25.13169471862193, 1.6569277952836106], "Iceland": [22.979219363834545, 0.16126292320042945], "Barbados": [20.80251861583511, 0.22436305970722123], "North Korea": [20.53619925806798, 0.17267837193984864], "Myanmar": [18.86343399902229, 0.23719260624930424], "Afghanistan": [17.0902078312312, 0.2625835622123441], "Fiji": [NaN, 0.2875234414965424], "Timor-Leste": [14.583918970008023, 0.5022989482783303], "Northern Mariana Islands": [11.780225273658495, 1.401676007303684], "Grenada": [20.85071295325141, 0.23598168509518513], "San Marino": [19.264465937914256, 0.19940432566249064], "Slovakia": [23.536725480122787, 0.1942443397590439], "Saint Vincent and the Grenadines": [21.270674767717875, 0.31813839718929726], "Tamil Eelam": [23.299435276658986, 0.68793369942526], "Denmark": [24.201149777774255, 0.13999100155309968], "Philippines": [17.4929210810593, 0.26056979377553247], "Cape Verde": [22.561017756087764, 0.20394752329831012], "Brunei": [14.717041961593706, 0.371971630130521], "Belarus": [22.787683059236556, 0.21247544848668357], "S\u00e3o Tom\u00e9 and Pr\u00edncipe": [20.295787166493735, 0.38885114814768257], "Crimea": [20.205032720381112, 1.2035082901699503], "Qatar": [20.30903408327042, 0.13296424691024436], "Haiti": [22.24282497637906, 0.17309557991182678], "Norway": [23.65685520944841, 0.1495719928471101], "Bermuda": [21.54807592292984, 0.2847190037325024], "Slovenia": [23.50551965136912, 0.19586018954110707], "Turks and Caicos Islands": [16.45132149752694, 0.5374225303405691], "Senegal": [23.46540553038778, 0.13656562970978484], "Turkmenistan": [19.128410879245454, 0.2512954320876466], "Cameroon": [23.373769826980805, 0.13354693427043676], "Turkey": [23.512903163714345, 0.142495583292106], "Czech Republic": [24.18803842564228, 0.17699359019228886], "Moldova": [22.044222748784062, 0.21175670452354522], "Spain": [24.921730301384475, 0.12943028703391196], "French Guiana": [21.50279220913377, 0.26673767991242936], "Hungary": [24.148815918766243, 0.12996971298073443], "Guinea-Bissau": [22.12641642855527, 0.21746723363892695], "Sierra Leone": [22.524084067794604, 0.18384493211272174], "G\u0103g\u0103uzia": [17.589006109056495, 1.5249566563628367], "Indonesia": [19.511707194730498, 0.17184312313119304], "Estonia": [22.724787136561634, 0.17045839006539928], "Bahamas": [17.716912674325098, 0.45119282064071714], "Gabon": [22.82811276264363, 0.1777927586543644], "Antigua and Barbuda": [20.730468265502118, 0.2172835098262019], "Ethiopia": [21.930933156478773, 0.1549679189579345], "Mauritius": [20.97711289398633, 0.2054256301278444], "Somaliland": [26.95251814239664, 1.484580514644311], "Western Sahara": [23.989296260270056, 1.246724033182828], "Sri Lanka": [16.605665783276272, 0.20714428086077932], "Canada": [22.94090501422814, 0.1805516070696535], "Gozo": [28.510661197632263, 1.1667180403686077], "Saarland": [24.434556146972618, 1.353307444915174], "Palestine": [19.595859161558174, 0.2305183302698877], "Guyana": [21.051770864978273, 0.23375993388643906], "Panama": [22.560454533080378, 0.16803982903007175], "Ecuador": [22.747126195788898, 0.1395950532124712], "Chameria": [29.716254763527115, 1.148266259913805], "Cyprus": [21.91194889371242, 0.1601429289156993], "Suriname": [21.606057327091982, 0.19723120755144338], "Greece": [23.44074870394654, 0.14166016320994076], "Pakistan": [16.752065135990964, 0.23673740675870844], "Comoros": [21.059190760691045, 0.334382384422451], "Kabylia": [26.23849240050094, 1.0882317381018172], "County of Nice": [31.874613347510408, 1.1190400411532095], "Somalia": [19.61890337770347, 0.2518329325197004], "Luxembourg": [21.39631943174535, 0.15422458878807574], "Zanzibar": [21.30628527682384, 0.22146015586094703], "Dominica": [19.79667293197395, 0.27025924099729753], "Bosnia and Herzegovina": [23.406840867832003, 0.20442481128552917], "Iraqi Kurdistan": [31.06967086045893, 0.6003869587604982], "Sz\u00e9kely Land": [28.365572060690535, 0.5909155421922262], "Matabeleland": [24.774842000874195, 1.0982078214582571], "Yorkshire": [25.479292890590855, 6.013095972273565], "China PR": [21.180560568701473, 0.1454681661368651], "New Caledonia": [19.115905098913814, 0.3262361133077173], "Panjab": [29.39660224931212, 0.8555566239807345], "Colombia": [23.225379789830367, 0.13211615985998482], "Darfur": [13.309259505723633, 1.1538912922675428], "Padania": [30.5543376966335, 0.44799939182872545], "Sudan": [22.058270920674893, 0.14484442544748452], "Bonaire": [18.173918866017576, 0.9274843402934634], "Saudi Arabia": [20.885713752927327, 0.1272115398886898], "Congo": [22.565506047827558, 0.1658919906403434], "Botswana": [21.804320509503956, 0.20193219135710533], "Barawa": [23.658648654294005, 0.949563462916688], "Brazil": [24.831861808419674, 0.11249323645651152], "Peru": [23.083134032775494, 0.12960158878285372], "Vanuatu": [18.12375253784589, 0.3237943579781487], "Burundi": [21.787495879039454, 0.20298064306992558], "Argentina": [24.42394220699225, 0.11534232651216648], "Saint Lucia": [20.785943464354542, 0.26595709697661346], "Papua New Guinea": [18.00664450073778, 0.3586375740778585], "Nicaragua": [20.61700383868198, 0.2854629296879103], "Czechoslovakia": [24.752729426582135, 0.17322461333419092], "Uzbekistan": [20.959024573915453, 0.1913066325204264], "Algeria": [23.300474372983064, 0.13965596715300038], "Syria": [20.421447472245532, 0.16410536118240393], "Guinea": [23.006046494632866, 0.14278296807989266], "Yemen": [18.276827015132355, 0.19503395432299933], "Guam": [13.808576514452957, 0.4123947055599608], "Liechtenstein": [20.904728950179273, 0.20726115362937964], "Jordan": [20.194443830029197, 0.1841970538093136], "Eswatini": [21.490737329509905, 0.2202858449217518], "Italy": [24.787117650468765, 0.12190657898705186], "Netherlands": [24.859407000002932, 0.13384929985785932], "Costa Rica": [23.35265001703117, 0.13916451178506473], "Solomon Islands": [NaN, 0.27924803297732276], "Eritrea": [20.912167812763016, 0.3103586607378098], "Ghana": [23.414095039456555, 0.13893948606234302], "Gambia": [22.381620354131204, 0.2117094213290239], "Namibia": [21.927902790817527, 0.18591669246879916], "Morocco": [23.649026588595007, 0.1429043424617825], "Scotland": [23.888369138165537, 0.14154364937904707], "Uganda": [22.549256391879034, 0.13085260235755913], "Iran": [21.748706543607664, 0.14709816368474854], "Felvid\u00e9k": [29.251937148308958, 0.9614973001584336], "Two Sicilies": [29.826435034880273, 1.3350542434429018], "Mapuche": [25.324001347967965, 4.943915626829121], "Hong Kong": [19.283193445239327, 0.1872308848751605], "Sweden": [24.365705512034584, 0.13348551629922908], "Poland": [24.064869895747517, 0.14412818003995392], "Bangladesh": [17.307258336462606, 0.1905987676671562], "Israel": [22.98619536031774, 0.1699665397856047], "Mali": [23.038221425794372, 0.1480497987001017], "Arameans Suryoye": [30.358152239615638, 0.9832451290127898], "Vietnam Republic": [20.044472500970716, 0.3193527772081233], "American Samoa": [11.474859173566042, 0.5127725642179547], "Chile": [23.39336587374837, 0.12360348019728329], "Mexico": [23.985636561026173, 0.12426737472211101], "Saint Martin": [17.401064395891968, 0.4623885183816723], "Chagos Islands": [20.295348467395883, 1.1202092519668378], "England": [24.950871060212652, 0.1333205008508118], "Singapore": [19.042849661615655, 0.17008891371514803],